resultId,raceId,driverId,constructorId,number,grid,position,positionText,positionOrder,points,laps,time,milliseconds,fastestLap,rank,fastestLapTime,fastestLapSpeed,statusId
25406,1074,844,6,16,1,1,1,1,26.0,57,1:37:33.584,5853584,51,1,1:34.570,206.018,1
25407,1074,832,6,55,3,2,2,2,18.0,57,+5.598,5859182,52,3,1:35.740,203.501,1
25408,1074,1,131,44,5,3,3,3,15.0,57,+9.675,5863259,53,5,1:36.228,202.469,1
25409,1074,847,131,63,9,4,4,4,12.0,57,+11.211,5864795,56,6,1:36.302,202.313,1
25410,1074,825,210,20,7,5,5,5,10.0,57,+14.754,5868338,53,8,1:36.623,201.641,1
25411,1074,822,51,77,6,6,6,6,8.0,57,+16.119,5869703,53,7,1:36.599,201.691,1
25412,1074,839,214,31,11,7,7,7,6.0,57,+19.423,5873007,53,14,1:37.110,200.630,1
25413,1074,852,213,22,16,8,8,8,4.0,57,+20.386,5873970,53,13,1:37.104,200.642,1
25414,1074,4,214,14,8,9,9,9,2.0,57,+22.390,5875974,44,10,1:36.733,201.412,1
25415,1074,855,51,24,15,10,10,10,1.0,57,+23.064,5876648,39,9,1:36.685,201.512,1
25416,1074,854,210,47,12,11,11,11,0.0,57,+32.574,5886158,37,11,1:36.956,200.948,1
25417,1074,840,117,18,19,12,12,12,0.0,57,+45.873,5899457,49,15,1:37.146,200.555,1
25418,1074,848,3,23,14,13,13,13,0.0,57,+53.932,5907516,50,18,1:37.355,200.125,1
25419,1074,817,1,3,18,14,14,14,0.0,57,+54.975,5908559,50,16,1:37.261,200.318,1
25420,1074,846,1,4,13,15,15,15,0.0,57,+56.335,5909919,51,12,1:36.988,200.882,1
25421,1074,849,3,6,20,16,16,16,0.0,57,+1:01.795,5915379,51,20,1:38.251,198.300,1
25422,1074,807,117,27,17,17,17,17,0.0,57,+1:03.829,5917413,49,19,1:38.201,198.401,1
25423,1074,815,9,11,4,18,18,18,0.0,56,\N,\N,52,4,1:36.089,202.762,32
25424,1074,830,9,1,2,19,19,19,0.0,54,\N,\N,51,2,1:35.440,204.140,32
25425,1074,842,213,10,10,\N,R,20,0.0,44,\N,\N,34,17,1:37.324,200.189,131
25426,1075,830,9,1,4,1,1,1,25.0,50,1:24:19.293,5059293,50,2,1:31.772,242.191,1
25427,1075,844,6,16,2,2,2,2,19.0,50,+0.549,5059842,48,1,1:31.634,242.556,1
25428,1075,832,6,55,3,3,3,3,15.0,50,+8.097,5067390,48,3,1:31.905,241.841,1
25429,1075,815,9,11,1,4,4,4,12.0,50,+10.800,5070093,46,4,1:32.042,241.481,1
25430,1075,847,131,63,6,5,5,5,10.0,50,+32.732,5092025,43,7,1:32.821,239.454,1
25431,1075,839,214,31,5,6,6,6,8.0,50,+56.017,5115310,46,9,1:33.103,238.729,1
25432,1075,846,1,4,11,7,7,7,6.0,50,+56.124,5115417,46,5,1:32.753,239.629,1
25433,1075,842,213,10,9,8,8,8,4.0,50,+1:02.946,5122239,42,10,1:33.468,237.796,1
25434,1075,825,210,20,10,9,9,9,2.0,50,+1:04.308,5123601,48,6,1:32.779,239.562,1
25435,1075,1,131,44,15,10,10,10,1.0,50,+1:13.948,5133241,47,8,1:32.997,239.001,1
25436,1075,855,51,24,12,11,11,11,0.0,50,+1:22.215,5141508,45,13,1:33.924,236.642,1
25437,1075,807,117,27,17,12,12,12,0.0,50,+1:31.742,5151035,47,11,1:33.651,237.332,1
25438,1075,840,117,18,13,13,13,13,0.0,49,\N,\N,46,16,1:34.446,235.334,11
25439,1075,848,3,23,16,14,14,14,0.0,47,\N,\N,46,15,1:34.368,235.528,130
25440,1075,822,51,77,8,\N,R,15,0.0,36,\N,\N,31,14,1:33.979,236.503,141
25441,1075,4,214,14,7,\N,R,16,0.0,35,\N,\N,33,12,1:33.831,236.876,103
25442,1075,817,1,3,14,\N,R,17,0.0,35,\N,\N,34,17,1:34.487,235.232,6
25443,1075,849,3,6,18,\N,R,18,0.0,14,\N,\N,9,18,1:37.530,227.892,3
25444,1075,852,213,22,19,\N,R,19,0.0,0,\N,\N,\N,0,\N,\N,131
25445,1075,854,210,47,0,\N,W,20,0.0,0,\N,\N,\N,0,\N,\N,54
25446,1076,844,6,16,1,1,1,1,26.0,58,1:27:46.548,5266548,58,1,1:20.260,236.740,1
25447,1076,815,9,11,3,2,2,2,18.0,58,+20.524,5287072,58,3,1:21.094,234.305,1
25448,1076,847,131,63,6,3,3,3,15.0,58,+25.593,5292141,53,4,1:21.495,233.152,1
25449,1076,1,131,44,5,4,4,4,12.0,58,+28.543,5295091,51,7,1:21.886,232.039,1
25450,1076,846,1,4,4,5,5,5,10.0,58,+53.303,5319851,55,8,1:22.248,231.018,1
25451,1076,817,1,3,7,6,6,6,8.0,58,+53.737,5320285,54,9,1:22.451,230.449,1
25452,1076,839,214,31,8,7,7,7,6.0,58,+1:01.683,5328231,58,10,1:22.469,230.399,1
25453,1076,822,51,77,12,8,8,8,4.0,58,+1:08.439,5334987,54,5,1:21.651,232.707,1
25454,1076,842,213,10,11,9,9,9,2.0,58,+1:16.221,5342769,52,13,1:22.731,229.669,1
25455,1076,848,3,23,20,10,10,10,1.0,58,+1:19.382,5345930,54,12,1:22.589,230.064,1
25456,1076,855,51,24,14,11,11,11,0.0,58,+1:21.695,5348243,55,11,1:22.541,230.198,1
25457,1076,840,117,18,19,12,12,12,0.0,58,+1:28.598,5355146,48,17,1:23.592,227.304,1
25458,1076,854,210,47,15,13,13,13,0.0,57,\N,\N,55,14,1:23.006,228.908,11
25459,1076,825,210,20,16,14,14,14,0.0,57,\N,\N,44,15,1:23.071,228.729,11
25460,1076,852,213,22,13,15,15,15,0.0,57,\N,\N,56,16,1:23.342,227.985,11
25461,1076,849,3,6,18,16,16,16,0.0,57,\N,\N,49,18,1:23.882,226.518,11
25462,1076,4,214,14,10,17,17,17,0.0,57,\N,\N,57,2,1:20.846,235.024,11
25463,1076,830,9,1,2,\N,R,18,0.0,38,\N,\N,37,6,1:21.677,232.633,95
25464,1076,20,117,5,17,\N,R,19,0.0,22,\N,\N,17,19,1:25.189,223.042,3
25465,1076,832,6,55,9,\N,R,20,0.0,1,\N,\N,\N,0,\N,\N,20
25466,1077,830,9,1,1,1,1,1,26.0,63,1:32:07.986,5527986,55,1,1:18.446,225.281,1
25467,1077,815,9,11,3,2,2,2,18.0,63,+16.527,5544513,52,3,1:18.949,223.845,1
25468,1077,846,1,4,5,3,3,3,15.0,63,+34.834,5562820,61,7,1:20.903,218.439,1
25469,1077,847,131,63,11,4,4,4,12.0,63,+42.506,5570492,57,8,1:20.962,218.280,1
25470,1077,822,51,77,7,5,5,5,10.0,63,+43.181,5571167,43,6,1:20.758,218.831,1
25471,1077,844,6,16,2,6,6,6,8.0,63,+56.072,5584058,63,2,1:18.574,224.914,1
25472,1077,852,213,22,12,7,7,7,6.0,63,+1:01.110,5589096,61,5,1:20.544,219.412,1
25473,1077,20,117,5,13,8,8,8,4.0,63,+1:10.892,5598878,47,9,1:21.211,217.610,1
25474,1077,825,210,20,8,9,9,9,2.0,63,+1:15.260,5603246,61,10,1:21.238,217.538,1
25475,1077,840,117,18,15,10,10,10,1.0,62,\N,\N,46,16,1:21.750,216.176,11
25476,1077,848,3,23,18,11,11,11,0.0,62,\N,\N,61,17,1:21.757,216.157,11
25477,1077,842,213,10,17,12,12,12,0.0,62,\N,\N,34,15,1:21.713,216.274,11
25478,1077,1,131,44,14,13,13,13,0.0,62,\N,\N,50,13,1:21.419,217.054,11
25479,1077,839,214,31,16,14,14,14,0.0,62,\N,\N,37,18,1:21.887,215.814,11
25480,1077,855,51,24,0,15,15,15,0.0,62,\N,\N,61,11,1:21.286,217.410,11
25481,1077,849,3,6,19,16,16,16,0.0,62,\N,\N,62,12,1:21.338,217.271,11
25482,1077,854,210,47,10,17,17,17,0.0,62,\N,\N,55,4,1:18.999,223.704,11
25483,1077,817,1,3,6,18,18,18,0.0,62,\N,\N,61,14,1:21.577,216.634,11
25484,1077,4,214,14,9,\N,R,19,0.0,6,\N,\N,5,19,1:39.685,177.282,130
25485,1077,832,6,55,4,\N,R,20,0.0,0,\N,\N,\N,0,\N,\N,4
25486,1078,830,9,1,3,1,1,1,26.0,57,1:34:24.258,5664258,54,1,1:31.361,213.255,1
25487,1078,844,6,16,1,2,2,2,18.0,57,+3.786,5668044,53,2,1:31.488,212.959,1
25488,1078,832,6,55,2,3,3,3,15.0,57,+8.229,5672487,56,3,1:31.790,212.258,1
25489,1078,815,9,11,4,4,4,4,12.0,57,+10.638,5674896,54,4,1:31.819,212.191,1
25490,1078,847,131,63,12,5,5,5,10.0,57,+18.582,5682840,56,5,1:32.195,211.325,1
25491,1078,1,131,44,6,6,6,6,8.0,57,+21.368,5685626,55,7,1:32.941,209.629,1
25492,1078,822,51,77,5,7,7,7,6.0,57,+25.073,5689331,56,10,1:33.184,209.083,1
25493,1078,839,214,31,20,8,8,8,4.0,57,+28.386,5692644,56,9,1:33.163,209.130,1
25494,1078,848,3,23,18,9,9,9,2.0,57,+32.365,5696623,57,15,1:33.447,208.494,1
25495,1078,840,117,18,0,10,10,10,1.0,57,+37.026,5701284,52,12,1:33.312,208.796,1
25496,1078,4,214,14,11,11,11,11,0.0,57,+37.128,5701386,53,13,1:33.331,208.753,1
25497,1078,852,213,22,9,12,12,12,0.0,57,+40.146,5704404,55,8,1:33.035,209.417,1
25498,1078,817,1,3,14,13,13,13,0.0,57,+40.902,5705160,56,11,1:33.265,208.901,1
25499,1078,849,3,6,19,14,14,14,0.0,57,+49.936,5714194,53,18,1:34.169,206.896,1
25500,1078,854,210,47,15,15,15,15,0.0,57,+1:13.305,5737563,57,6,1:32.528,210.565,1
25501,1078,825,210,20,16,16,16,16,0.0,56,\N,\N,52,17,1:33.511,208.351,33
25502,1078,20,117,5,0,17,17,17,0.0,54,\N,\N,50,16,1:33.479,208.423,4
25503,1078,842,213,10,7,\N,R,18,0.0,45,\N,\N,38,19,1:34.487,206.199,22
25504,1078,846,1,4,8,\N,R,19,0.0,39,\N,\N,37,14,1:33.411,208.575,4
25505,1078,855,51,24,17,\N,R,20,0.0,6,\N,\N,4,20,1:35.731,203.520,47
25506,1079,830,9,1,2,1,1,1,25.0,66,1:37:20.475,5840475,46,4,1:25.456,196.943,1
25507,1079,815,9,11,5,2,2,2,19.0,66,+13.072,5853547,55,1,1:24.108,200.099,1
25508,1079,847,131,63,4,3,3,3,15.0,66,+32.927,5873402,53,3,1:24.636,198.851,1
25509,1079,832,6,55,3,4,4,4,12.0,66,+45.208,5885683,49,7,1:25.985,195.731,1
25510,1079,1,131,44,6,5,5,5,10.0,66,+54.534,5895009,51,2,1:24.253,199.755,1
25511,1079,822,51,77,7,6,6,6,8.0,66,+59.976,5900451,36,8,1:26.395,194.802,1
25512,1079,839,214,31,12,7,7,7,6.0,66,+1:15.397,5915872,54,6,1:25.935,195.845,1
25513,1079,846,1,4,11,8,8,8,4.0,66,+1:23.235,5923710,53,5,1:25.619,196.568,1
25514,1079,4,214,14,20,9,9,9,2.0,65,\N,\N,56,9,1:26.599,194.344,11
25515,1079,852,213,22,13,10,10,10,1.0,65,\N,\N,59,10,1:26.828,193.831,11
25516,1079,20,117,5,16,11,11,11,0.0,65,\N,\N,59,18,1:27.629,192.059,11
25517,1079,817,1,3,9,12,12,12,0.0,65,\N,\N,54,15,1:27.285,192.816,11
25518,1079,842,213,10,14,13,13,13,0.0,65,\N,\N,51,12,1:26.987,193.477,11
25519,1079,854,210,47,10,14,14,14,0.0,65,\N,\N,32,16,1:27.447,192.459,11
25520,1079,840,117,18,17,15,15,15,0.0,65,\N,\N,54,11,1:26.876,193.724,11
25521,1079,849,3,6,19,16,16,16,0.0,64,\N,\N,52,14,1:27.246,192.902,12
25522,1079,825,210,20,8,17,17,17,0.0,64,\N,\N,3,17,1:27.537,192.261,12
25523,1079,848,3,23,18,18,18,18,0.0,64,\N,\N,56,19,1:28.281,190.641,12
25524,1079,855,51,24,15,\N,R,19,0.0,28,\N,\N,12,20,1:28.415,190.352,75
25525,1079,844,6,16,1,\N,R,20,0.0,27,\N,\N,25,13,1:27.030,193.381,101
25526,1080,815,9,11,3,1,1,1,25.0,64,1:56:30.265,6990265,46,4,1:16.028,158.010,1
25527,1080,832,6,55,2,2,2,2,18.0,64,+1.154,6991419,47,7,1:16.421,157.197,1
25528,1080,830,9,1,4,3,3,3,15.0,64,+1.491,6991756,47,5,1:16.052,157.960,1
25529,1080,844,6,16,1,4,4,4,12.0,64,+2.922,6993187,46,6,1:16.249,157.552,1
25530,1080,847,131,63,6,5,5,5,10.0,64,+11.968,7002233,42,8,1:16.830,156.360,1
25531,1080,846,1,4,5,6,6,6,9.0,64,+12.231,7002496,55,1,1:14.693,160.834,1
25532,1080,4,214,14,7,7,7,7,6.0,64,+46.358,7036623,50,3,1:15.882,158.314,1
25533,1080,1,131,44,8,8,8,8,4.0,64,+50.388,7040653,51,9,1:17.203,155.605,1
25534,1080,822,51,77,12,9,9,9,2.0,64,+52.525,7042790,57,14,1:17.600,154.809,1
25535,1080,20,117,5,9,10,10,10,1.0,64,+53.536,7043801,54,12,1:17.558,154.893,1
25536,1080,842,213,10,17,11,11,11,0.0,64,+54.289,7044554,61,10,1:17.344,155.321,1
25537,1080,839,214,31,10,12,12,12,0.0,64,+55.644,7045909,50,13,1:17.571,154.867,1
25538,1080,817,1,3,14,13,13,13,0.0,64,+57.635,7047900,59,11,1:17.532,154.945,1
25539,1080,840,117,18,18,14,14,14,0.0,64,+1:00.802,7051067,56,15,1:17.672,154.665,1
25540,1080,849,3,6,19,15,15,15,0.0,63,\N,\N,43,18,1:18.579,152.880,11
25541,1080,855,51,24,20,16,16,16,0.0,63,\N,\N,52,17,1:18.200,153.621,11
25542,1080,852,213,22,11,17,17,17,0.0,63,\N,\N,61,2,1:15.334,159.465,11
25543,1080,848,3,23,16,\N,R,18,0.0,48,\N,\N,40,16,1:18.023,153.969,26
25544,1080,854,210,47,15,\N,R,19,0.0,24,\N,\N,24,19,1:24.778,141.701,3
25545,1080,825,210,20,13,\N,R,20,0.0,19,\N,\N,18,20,1:33.754,128.135,34
25546,1081,830,9,1,3,1,1,1,25.0,51,1:34:05.941,5645941,50,2,1:46.050,203.779,1
25547,1081,815,9,11,2,2,2,2,19.0,51,+20.823,5666764,36,1,1:46.046,203.787,1
25548,1081,847,131,63,5,3,3,3,15.0,51,+45.995,5691936,42,4,1:47.177,201.636,1
25549,1081,1,131,44,7,4,4,4,12.0,51,+1:11.679,5717620,39,3,1:47.044,201.887,1
25550,1081,842,213,10,6,5,5,5,10.0,51,+1:17.299,5723240,39,16,1:48.519,199.143,1
25551,1081,20,117,5,9,6,6,6,8.0,51,+1:24.099,5730040,41,12,1:48.206,199.719,1
25552,1081,4,214,14,10,7,7,7,6.0,51,+1:28.596,5734537,49,8,1:47.989,200.120,1
25553,1081,817,1,3,12,8,8,8,4.0,51,+1:32.207,5738148,44,13,1:48.276,199.589,1
25554,1081,846,1,4,11,9,9,9,2.0,51,+1:32.556,5738497,37,9,1:47.997,200.105,1
25555,1081,839,214,31,13,10,10,10,1.0,51,+1:48.184,5754125,36,14,1:48.297,199.551,1
25556,1081,822,51,77,15,11,11,11,0.0,50,\N,\N,42,11,1:48.179,199.768,11
25557,1081,848,3,23,17,12,12,12,0.0,50,\N,\N,48,7,1:47.966,200.163,11
25558,1081,852,213,22,8,13,13,13,0.0,50,\N,\N,42,5,1:47.523,200.987,11
25559,1081,854,210,47,20,14,14,14,0.0,50,\N,\N,40,15,1:48.410,199.343,11
25560,1081,849,3,6,18,15,15,15,0.0,50,\N,\N,37,20,1:49.583,197.209,11
25561,1081,840,117,18,19,16,16,16,0.0,46,\N,\N,38,10,1:48.038,200.029,76
25562,1081,825,210,20,16,\N,R,17,0.0,31,\N,\N,12,18,1:48.789,198.648,131
25563,1081,855,51,24,14,\N,R,18,0.0,23,\N,\N,12,17,1:48.723,198.769,9
25564,1081,844,6,16,1,\N,R,19,0.0,21,\N,\N,13,6,1:47.531,200.972,131
25565,1081,832,6,55,4,\N,R,20,0.0,8,\N,\N,3,19,1:48.978,198.304,9
25566,1082,830,9,1,1,1,1,1,25.0,70,1:36:21.757,5781757,64,2,1:15.839,207.012,1
25567,1082,832,6,55,3,2,2,2,19.0,70,+0.993,5782750,63,1,1:15.749,207.258,1
25568,1082,1,131,44,4,3,3,3,15.0,70,+7.006,5788763,69,4,1:16.167,206.120,1
25569,1082,847,131,63,8,4,4,4,12.0,70,+12.313,5794070,63,5,1:16.418,205.443,1
25570,1082,844,6,16,19,5,5,5,10.0,70,+15.168,5796925,62,3,1:15.901,206.843,1
25571,1082,839,214,31,7,6,6,6,8.0,70,+23.890,5805647,62,9,1:17.110,203.600,1
25572,1082,822,51,77,11,7,7,7,6.0,70,+25.247,5807004,64,8,1:17.010,203.864,1
25573,1082,855,51,24,10,8,8,8,4.0,70,+26.952,5808709,60,7,1:16.927,204.084,1
25574,1082,4,214,14,2,9,9,9,2.0,70,+29.945,5811702,63,6,1:16.578,205.014,1
25575,1082,840,117,18,17,10,10,10,1.0,70,+38.222,5819979,64,10,1:17.421,202.782,1
25576,1082,817,1,3,9,11,11,11,0.0,70,+43.047,5824804,59,13,1:17.932,201.452,1
25577,1082,20,117,5,16,12,12,12,0.0,70,+44.245,5826002,63,15,1:17.956,201.390,1
25578,1082,848,3,23,12,13,13,13,0.0,70,+44.893,5826650,59,14,1:17.951,201.403,1
25579,1082,842,213,10,15,14,14,14,0.0,70,+45.183,5826940,60,12,1:17.810,201.768,1
25580,1082,846,1,4,14,15,15,15,0.0,70,+52.145,5833902,63,11,1:17.495,202.588,1
25581,1082,849,3,6,18,16,16,16,0.0,70,+59.978,5841735,61,18,1:18.540,199.893,1
25582,1082,825,210,20,5,17,17,17,0.0,70,+1:08.180,5849937,11,16,1:18.046,201.158,1
25583,1082,852,213,22,20,\N,R,18,0.0,47,\N,\N,15,17,1:18.309,200.482,3
25584,1082,854,210,47,6,\N,R,19,0.0,18,\N,\N,13,20,1:18.967,198.812,5
25585,1082,815,9,11,13,\N,R,20,0.0,7,\N,\N,7,19,1:18.844,199.122,6
25586,1083,832,6,55,1,1,1,1,25.0,52,2:17:50.311,8270311,44,2,1:30.813,233.530,1
25587,1083,815,9,11,4,2,2,2,18.0,52,+3.779,8274090,47,3,1:30.937,233.212,1
25588,1083,1,131,44,5,3,3,3,16.0,52,+6.225,8276536,52,1,1:30.510,234.312,1
25589,1083,844,6,16,3,4,4,4,12.0,52,+8.546,8278857,52,4,1:31.282,232.330,1
25590,1083,4,214,14,7,5,5,5,10.0,52,+9.571,8279882,47,5,1:31.609,231.501,1
25591,1083,846,1,4,6,6,6,6,8.0,52,+11.943,8282254,47,6,1:31.645,231.410,1
25592,1083,830,9,1,2,7,7,7,6.0,52,+18.777,8289088,44,8,1:32.354,229.633,1
25593,1083,854,210,47,19,8,8,8,4.0,52,+18.995,8289306,48,7,1:32.109,230.244,1
25594,1083,20,117,5,18,9,9,9,2.0,52,+22.356,8292667,52,10,1:32.471,229.343,1
25595,1083,825,210,20,17,10,10,10,1.0,52,+24.590,8294901,52,12,1:32.661,228.872,1
25596,1083,840,117,18,20,11,11,11,0.0,52,+26.147,8296458,52,9,1:32.379,229.571,1
25597,1083,849,3,6,10,12,12,12,0.0,52,+32.511,8302822,48,13,1:33.286,227.339,1
25598,1083,817,1,3,14,13,13,13,0.0,52,+32.817,8303128,34,11,1:32.644,228.914,1
25599,1083,852,213,22,13,14,14,14,0.0,52,+40.910,8311221,51,15,1:33.832,226.016,1
25600,1083,839,214,31,15,\N,R,15,0.0,37,\N,\N,37,14,1:33.537,226.729,48
25601,1083,842,213,10,11,\N,R,16,0.0,26,\N,\N,18,16,1:34.614,224.148,130
25602,1083,822,51,77,12,\N,R,17,0.0,20,\N,\N,19,17,1:35.103,222.996,6
25603,1083,847,131,63,8,\N,R,18,0.0,0,\N,\N,\N,0,\N,\N,4
25604,1083,855,51,24,9,\N,R,19,0.0,0,\N,\N,\N,0,\N,\N,4
25605,1083,848,3,23,16,\N,R,20,0.0,0,\N,\N,\N,0,\N,\N,4
25606,1084,844,6,16,2,1,1,1,25.0,71,1:24:24.312,5064312,62,2,1:07.583,230.010,1
25607,1084,830,9,1,1,2,2,2,19.0,71,+1.532,5065844,62,1,1:07.275,231.063,1
25608,1084,1,131,44,8,3,3,3,15.0,71,+41.217,5105529,63,5,1:09.000,225.286,1
25609,1084,847,131,63,4,4,4,4,12.0,71,+58.972,5123284,61,6,1:09.075,225.042,1
25610,1084,839,214,31,6,5,5,5,10.0,71,+1:08.436,5132748,62,10,1:09.559,223.476,1
25611,1084,854,210,47,9,6,6,6,8.0,70,\N,\N,50,11,1:09.625,223.264,11
25612,1084,846,1,4,10,7,7,7,6.0,70,\N,\N,62,8,1:09.304,224.298,11
25613,1084,825,210,20,7,8,8,8,4.0,70,\N,\N,61,14,1:09.938,222.265,11
25614,1084,817,1,3,11,9,9,9,2.0,70,\N,\N,61,13,1:09.924,222.309,11
25615,1084,4,214,14,19,10,10,10,1.0,70,\N,\N,62,3,1:08.558,226.739,11
25616,1084,822,51,77,0,11,11,11,0.0,70,\N,\N,61,7,1:09.266,224.421,11
25617,1084,848,3,23,15,12,12,12,0.0,70,\N,\N,60,12,1:09.669,223.123,11
25618,1084,840,117,18,12,13,13,13,0.0,70,\N,\N,64,17,1:10.048,221.916,11
25619,1084,855,51,24,13,14,14,14,0.0,70,\N,\N,50,9,1:09.380,224.053,11
25620,1084,842,213,10,14,15,15,15,0.0,70,\N,\N,61,18,1:10.104,221.739,11
25621,1084,852,213,22,16,16,16,16,0.0,70,\N,\N,62,16,1:10.023,221.995,11
25622,1084,20,117,5,18,17,17,17,0.0,70,\N,\N,62,15,1:10.001,222.065,11
25623,1084,832,6,55,3,\N,R,18,0.0,56,\N,\N,55,4,1:08.649,226.438,131
25624,1084,849,3,6,17,\N,R,19,0.0,48,\N,\N,14,19,1:10.890,219.280,140
25625,1084,815,9,11,5,\N,R,20,0.0,24,\N,\N,5,20,1:11.843,216.371,130
25626,1085,830,9,1,2,1,1,1,25.0,53,1:30:02.112,5402112,30,2,1:37.491,215.724,1
25627,1085,1,131,44,4,2,2,2,18.0,53,+10.587,5412699,30,4,1:37.668,215.333,1
25628,1085,847,131,63,6,3,3,3,15.0,53,+16.495,5418607,51,3,1:37.548,215.598,1
25629,1085,815,9,11,3,4,4,4,12.0,53,+17.310,5419422,45,5,1:37.780,215.086,1
25630,1085,832,6,55,19,5,5,5,11.0,53,+28.872,5430984,51,1,1:35.781,219.575,1
25631,1085,4,214,14,7,6,6,6,8.0,53,+42.879,5444991,53,8,1:38.160,214.254,1
25632,1085,846,1,4,5,7,7,7,6.0,53,+52.026,5454138,43,11,1:39.037,212.356,1
25633,1085,839,214,31,10,8,8,8,4.0,53,+56.959,5459071,53,9,1:38.684,213.116,1
25634,1085,817,1,3,9,9,9,9,2.0,53,+1:00.372,5462484,27,14,1:39.133,212.151,1
25635,1085,840,117,18,15,10,10,10,1.0,53,+1:02.549,5464661,52,15,1:39.185,212.040,1
25636,1085,20,117,5,12,11,11,11,0.0,53,+1:04.494,5466606,43,12,1:39.044,212.341,1
25637,1085,842,213,10,14,12,12,12,0.0,53,+1:05.448,5467560,53,10,1:38.786,212.896,1
25638,1085,848,3,23,13,13,13,13,0.0,53,+1:08.565,5470677,53,16,1:39.199,212.010,1
25639,1085,822,51,77,11,14,14,14,0.0,53,+1:16.666,5478778,52,6,1:37.963,214.685,1
25640,1085,854,210,47,17,15,15,15,0.0,53,+1:20.394,5482506,48,13,1:39.068,212.290,1
25641,1085,855,51,24,16,16,16,16,0.0,47,\N,\N,25,18,1:39.368,211.649,16
25642,1085,849,3,6,18,\N,R,17,0.0,40,\N,\N,40,19,1:39.650,211.050,130
25643,1085,825,210,20,20,\N,R,18,0.0,37,\N,\N,11,17,1:39.265,211.869,130
25644,1085,844,6,16,1,\N,R,19,0.0,17,\N,\N,4,7,1:38.088,214.411,3
25645,1085,852,213,22,8,\N,R,20,0.0,17,\N,\N,4,20,1:40.216,209.858,140
25646,1086,830,9,1,10,1,1,1,25.0,70,1:39:35.912,5975912,45,6,1:22.126,192.041,1
25647,1086,1,131,44,7,2,2,2,19.0,70,+7.834,5983746,57,1,1:21.386,193.787,1
25648,1086,847,131,63,1,3,3,3,15.0,70,+12.337,5988249,57,9,1:22.766,190.556,1
25649,1086,832,6,55,2,4,4,4,12.0,70,+14.579,5990491,51,4,1:22.000,192.336,1
25650,1086,815,9,11,11,5,5,5,10.0,70,+15.688,5991600,44,3,1:21.940,192.477,1
25651,1086,844,6,16,3,6,6,6,8.0,70,+16.047,5991959,57,2,1:21.622,193.227,1
25652,1086,846,1,4,4,7,7,7,6.0,70,+1:18.300,6054212,47,11,1:23.043,189.920,1
25653,1086,4,214,14,6,8,8,8,4.0,69,\N,\N,47,18,1:23.979,187.804,11
25654,1086,839,214,31,5,9,9,9,2.0,69,\N,\N,60,20,1:24.149,187.424,11
25655,1086,20,117,5,18,10,10,10,1.0,69,\N,\N,51,10,1:22.824,190.423,11
25656,1086,840,117,18,14,11,11,11,0.0,69,\N,\N,51,7,1:22.437,191.317,11
25657,1086,842,213,10,0,12,12,12,0.0,69,\N,\N,58,14,1:23.199,189.564,11
25658,1086,855,51,24,12,13,13,13,0.0,69,\N,\N,58,5,1:22.029,192.268,11
25659,1086,854,210,47,15,14,14,14,0.0,69,\N,\N,50,13,1:23.151,189.674,11
25660,1086,817,1,3,9,15,15,15,0.0,69,\N,\N,63,17,1:23.654,188.533,11
25661,1086,825,210,20,13,16,16,16,0.0,69,\N,\N,37,15,1:23.511,188.856,11
25662,1086,848,3,23,17,17,17,17,0.0,69,\N,\N,43,12,1:23.047,189.911,11
25663,1086,849,3,6,19,18,18,18,0.0,69,\N,\N,60,8,1:22.478,191.221,11
25664,1086,852,213,22,16,19,19,19,0.0,68,\N,\N,58,16,1:23.538,188.795,12
25665,1086,822,51,77,8,20,20,20,0.0,65,\N,\N,60,19,1:24.002,187.752,131
25666,1087,830,9,1,14,1,1,1,26.0,44,1:25:52.894,5152894,32,1,1:49.354,230.575,1
25667,1087,815,9,11,2,2,2,2,18.0,44,+17.841,5170735,29,3,1:50.764,227.640,1
25668,1087,832,6,55,1,3,3,3,15.0,44,+26.886,5179780,32,7,1:51.977,225.174,1
25669,1087,847,131,63,5,4,4,4,12.0,44,+29.140,5182034,31,4,1:50.793,227.581,1
25670,1087,4,214,14,3,5,5,5,10.0,44,+1:13.256,5226150,35,13,1:52.868,223.397,1
25671,1087,844,6,16,15,6,6,6,8.0,44,+1:14.936,5227830,44,2,1:49.984,229.255,1
25672,1087,839,214,31,16,7,7,7,6.0,44,+1:15.640,5228534,36,6,1:51.717,225.698,1
25673,1087,20,117,5,10,8,8,8,4.0,44,+1:18.107,5231001,40,11,1:52.515,224.098,1
25674,1087,842,213,10,0,9,9,9,2.0,44,+1:32.181,5245075,24,15,1:53.002,223.132,1
25675,1087,848,3,23,6,10,10,10,1.0,44,+1:41.900,5254794,28,16,1:53.055,223.027,1
25676,1087,840,117,18,9,11,11,11,0.0,44,+1:43.078,5255972,29,14,1:52.880,223.373,1
25677,1087,846,1,4,17,12,12,12,0.0,44,+1:44.739,5257633,31,5,1:51.678,225.777,1
25678,1087,852,213,22,0,13,13,13,0.0,44,+1:45.217,5258111,32,10,1:52.436,224.255,1
25679,1087,855,51,24,18,14,14,14,0.0,44,+1:46.252,5259146,30,9,1:52.317,224.493,1
25680,1087,817,1,3,7,15,15,15,0.0,44,+1:47.163,5260057,34,17,1:53.080,222.978,1
25681,1087,825,210,20,12,16,16,16,0.0,43,\N,\N,29,18,1:53.332,222.482,11
25682,1087,854,210,47,19,17,17,17,0.0,43,\N,\N,35,12,1:52.646,223.837,11
25683,1087,849,3,6,11,18,18,18,0.0,43,\N,\N,38,8,1:52.256,224.615,11
25684,1087,822,51,77,13,\N,R,19,0.0,1,\N,\N,\N,0,\N,\N,3
25685,1087,1,131,44,4,\N,R,20,0.0,0,\N,\N,\N,0,\N,\N,130
25686,1088,830,9,1,1,1,1,1,26.0,72,1:36:42.773,5802773,62,1,1:13.652,208.173,1
25687,1088,847,131,63,6,2,2,2,18.0,72,+4.071,5806844,72,2,1:13.671,208.119,1
25688,1088,844,6,16,2,3,3,3,15.0,72,+10.929,5813702,62,6,1:14.413,206.044,1
25689,1088,1,131,44,4,4,4,4,12.0,72,+13.016,5815789,54,3,1:13.854,207.604,1
25690,1088,815,9,11,5,5,5,5,10.0,72,+18.168,5820941,63,5,1:14.404,206.069,1
25691,1088,4,214,14,13,6,6,6,8.0,72,+18.754,5821527,51,4,1:14.144,206.792,1
25692,1088,846,1,4,7,7,7,7,6.0,72,+19.306,5822079,63,8,1:14.706,205.236,1
25693,1088,832,6,55,3,8,8,8,4.0,72,+20.916,5823689,63,7,1:14.643,205.409,1
25694,1088,839,214,31,12,9,9,9,2.0,72,+21.117,5823890,64,11,1:15.084,204.203,1
25695,1088,840,117,18,10,10,10,10,1.0,72,+22.459,5825232,65,10,1:15.043,204.314,1
25696,1088,842,213,10,11,11,11,11,0.0,72,+27.009,5829782,65,12,1:15.165,203.983,1
25697,1088,848,3,23,15,12,12,12,0.0,72,+30.390,5833163,65,15,1:15.534,202.986,1
25698,1088,854,210,47,8,13,13,13,0.0,72,+32.995,5835768,51,13,1:15.233,203.798,1
25699,1088,20,117,5,19,14,14,14,0.0,72,+36.007,5838780,50,9,1:14.862,204.808,1
25700,1088,825,210,20,18,15,15,15,0.0,72,+36.869,5839642,53,14,1:15.369,203.431,1
25701,1088,855,51,24,14,16,16,16,0.0,72,+37.320,5840093,63,17,1:15.940,201.901,1
25702,1088,817,1,3,17,17,17,17,0.0,72,+37.764,5840537,52,16,1:15.577,202.871,1
25703,1088,849,3,6,20,18,18,18,0.0,71,\N,\N,62,18,1:16.066,201.567,11
25704,1088,822,51,77,16,\N,R,19,0.0,53,\N,\N,51,19,1:16.844,199.526,5
25705,1088,852,213,22,9,\N,R,20,0.0,43,\N,\N,16,20,1:17.138,198.765,24
25706,1089,830,9,1,7,1,1,1,25.0,53,1:20:27.511,4827511,38,6,1:24.745,246.088,1
25707,1089,844,6,16,1,2,2,2,18.0,53,+2.446,4829957,38,2,1:24.336,247.282,1
25708,1089,847,131,63,2,3,3,3,15.0,53,+3.405,4830916,40,7,1:25.288,244.522,1
25709,1089,832,6,55,18,4,4,4,12.0,53,+5.061,4832572,41,4,1:24.446,246.960,1
25710,1089,1,131,44,19,5,5,5,10.0,53,+5.380,4832891,43,3,1:24.434,246.995,1
25711,1089,815,9,11,13,6,6,6,9.0,53,+6.091,4833602,46,1,1:24.030,248.182,1
25712,1089,846,1,4,3,7,7,7,6.0,53,+6.207,4833718,43,5,1:24.718,246.167,1
25713,1089,842,213,10,5,8,8,8,4.0,53,+6.396,4833907,30,14,1:26.718,240.489,1
25714,1089,856,3,45,8,9,9,9,2.0,53,+7.122,4834633,41,13,1:26.624,240.750,1
25715,1089,855,51,24,9,10,10,10,1.0,53,+7.910,4835421,41,10,1:26.361,241.484,1
25716,1089,839,214,31,14,11,11,11,0.0,53,+8.323,4835834,37,11,1:26.593,240.837,1
25717,1089,854,210,47,17,12,12,12,0.0,53,+8.549,4836060,43,8,1:25.298,244.493,1
25718,1089,822,51,77,15,13,13,13,0.0,52,\N,\N,45,9,1:25.706,243.329,11
25719,1089,852,213,22,20,14,14,14,0.0,52,\N,\N,43,17,1:26.857,240.105,11
25720,1089,849,3,6,10,15,15,15,0.0,52,\N,\N,17,15,1:26.798,240.268,11
25721,1089,825,210,20,16,16,16,16,0.0,52,\N,\N,37,16,1:26.798,240.268,11
25722,1089,817,1,3,4,\N,R,17,0.0,45,\N,\N,39,12,1:26.603,240.809,44
25723,1089,840,117,18,12,\N,R,18,0.0,39,\N,\N,34,19,1:27.467,238.430,5
25724,1089,4,214,14,6,\N,R,19,0.0,31,\N,\N,7,18,1:27.203,239.152,34
25725,1089,20,117,5,11,\N,R,20,0.0,10,\N,\N,4,20,1:27.501,238.337,5
25726,1091,815,9,11,2,1,1,1,25.0,59,2:02:20.238,7340238,57,2,1:48.165,168.509,1
25727,1091,844,6,16,1,2,2,2,18.0,59,+2.595,7342833,54,4,1:48.753,167.598,1
25728,1091,832,6,55,4,3,3,3,15.0,59,+10.305,7350543,59,3,1:48.414,168.122,1
25729,1091,846,1,4,6,4,4,4,12.0,59,+21.133,7361371,56,6,1:49.212,166.893,1
25730,1091,817,1,3,16,5,5,5,10.0,59,+53.282,7393520,57,12,1:51.006,164.196,1
25731,1091,840,117,18,11,6,6,6,8.0,59,+56.330,7396568,58,7,1:50.283,165.272,1
25732,1091,830,9,1,8,7,7,7,6.0,59,+58.825,7399063,52,5,1:49.142,167.000,1
25733,1091,20,117,5,13,8,8,8,4.0,59,+1:00.032,7400270,58,11,1:50.669,164.696,1
25734,1091,1,131,44,3,9,9,9,2.0,59,+1:01.515,7401753,58,10,1:50.622,164.766,1
25735,1091,842,213,10,7,10,10,10,1.0,59,+1:09.576,7409814,56,9,1:50.569,164.845,1
25736,1091,822,51,77,15,11,11,11,0.0,59,+1:28.844,7429082,52,13,1:51.864,162.937,1
25737,1091,825,210,20,9,12,12,12,0.0,59,+1:32.610,7432848,59,14,1:52.067,162.641,1
25738,1091,854,210,47,12,13,13,13,0.0,58,\N,\N,58,8,1:50.290,165.262,11
25739,1091,847,131,63,0,14,14,14,0.0,57,\N,\N,54,1,1:46.458,171.211,12
25740,1091,852,213,22,10,\N,R,15,0.0,34,\N,\N,32,15,1:58.716,153.532,3
25741,1091,839,214,31,17,\N,R,16,0.0,26,\N,\N,24,17,2:01.105,150.504,5
25742,1091,848,3,23,18,\N,R,17,0.0,25,\N,\N,24,18,2:02.121,149.251,130
25743,1091,4,214,14,5,\N,R,18,0.0,20,\N,\N,19,16,2:00.463,151.306,5
25744,1091,849,3,6,19,\N,R,19,0.0,7,\N,\N,5,20,2:05.585,145.135,130
25745,1091,855,51,24,14,\N,R,20,0.0,6,\N,\N,5,19,2:05.556,145.168,4
25746,1092,830,9,1,1,1,1,1,25.0,28,3:01:44.004,10904004,10,4,1:44.911,199.266,1
25747,1092,815,9,11,4,2,2,2,18.0,28,+27.066,10931070,11,9,1:46.120,196.995,1
25748,1092,844,6,16,2,3,3,3,15.0,28,+31.763,10935767,10,3,1:44.489,200.070,1
25749,1092,839,214,31,5,4,4,4,12.0,28,+39.685,10943689,11,11,1:46.559,196.184,1
25750,1092,1,131,44,6,5,5,5,10.0,28,+40.326,10944330,11,7,1:45.530,198.097,1
25751,1092,20,117,5,9,6,6,6,8.0,28,+46.358,10950362,13,12,1:46.964,195.441,1
25752,1092,4,214,14,7,7,7,7,6.0,28,+46.369,10950373,25,2,1:44.412,200.218,1
25753,1092,847,131,63,8,8,8,8,4.0,28,+47.661,10951665,21,13,1:47.004,195.368,1
25754,1092,849,3,6,20,9,9,9,2.0,28,+1:10.143,10974147,12,18,1:48.371,192.904,1
25755,1092,846,1,4,10,10,10,10,1.0,28,+1:10.782,10974786,8,17,1:48.175,193.253,1
25756,1092,817,1,3,11,11,11,11,0.0,28,+1:12.877,10976881,11,15,1:47.843,193.848,1
25757,1092,840,117,18,19,12,12,12,0.0,28,+1:13.904,10977908,21,5,1:45.205,198.709,1
25758,1092,852,213,22,13,13,13,13,0.0,28,+1:15.599,10979603,22,8,1:45.893,197.418,1
25759,1092,825,210,20,18,14,14,14,0.0,28,+1:26.016,10990020,10,16,1:48.072,193.437,1
25760,1092,822,51,77,12,15,15,15,0.0,28,+1:26.496,10990500,11,14,1:47.820,193.889,1
25761,1092,855,51,24,14,16,16,16,0.0,28,+1:27.043,10991047,20,1,1:44.411,200.220,1
25762,1092,854,210,47,15,17,17,17,0.0,28,+1:32.523,10996527,22,6,1:45.387,198.366,1
25763,1092,842,213,10,17,18,18,18,0.0,28,+1:48.091,11012095,13,10,1:46.545,196.210,1
25764,1092,832,6,55,3,\N,R,19,0.0,0,\N,\N,\N,0,\N,\N,3
25765,1092,848,3,23,16,\N,R,20,0.0,0,\N,\N,\N,0,\N,\N,9
25766,1093,830,9,1,2,1,1,1,25.0,56,1:42:11.687,6131687,37,2,1:39.541,199.383,1
25767,1093,1,131,44,3,2,2,2,18.0,56,+5.023,6136710,45,5,1:39.830,198.805,1
25768,1093,844,6,16,12,3,3,3,15.0,56,+7.501,6139188,37,4,1:39.731,199.003,1
25769,1093,815,9,11,9,4,4,4,12.0,56,+8.293,6139980,44,3,1:39.563,199.339,1
25770,1093,847,131,63,4,5,5,5,11.0,56,+44.815,6176502,56,1,1:38.788,200.902,1
25771,1093,846,1,4,6,6,6,6,8.0,56,+53.785,6185472,49,7,1:41.322,195.878,1
25772,1093,4,214,14,14,7,7,7,6.0,56,+55.078,6186765,39,8,1:41.538,195.461,1
25773,1093,20,117,5,10,8,8,8,4.0,56,+1:05.354,6197041,35,16,1:42.546,193.540,1
25774,1093,825,210,20,13,9,9,9,2.0,56,+1:05.834,6197521,36,11,1:42.206,194.184,1
25775,1093,852,213,22,19,10,10,10,1.0,56,+1:10.919,6202606,49,6,1:41.243,196.031,1
25776,1093,839,214,31,0,11,11,11,0.0,56,+1:12.875,6204562,39,13,1:42.394,193.827,1
25777,1093,855,51,24,18,12,12,12,0.0,56,+1:16.164,6207851,46,15,1:42.471,193.682,1
25778,1093,848,3,23,8,13,13,13,0.0,56,+1:20.057,6211744,55,9,1:41.674,195.200,1
25779,1093,842,213,10,11,14,14,14,0.0,56,+1:21.763,6213450,55,12,1:42.320,193.967,1
25780,1093,854,210,47,16,15,15,15,0.0,56,+1:24.490,6216177,51,10,1:41.804,194.951,1
25781,1093,817,1,3,15,16,16,16,0.0,56,+1:30.487,6222174,55,14,1:42.420,193.778,1
25782,1093,849,3,6,17,17,17,17,0.0,56,+1:43.588,6235275,54,19,1:43.485,191.784,1
25783,1093,840,117,18,5,\N,R,18,0.0,21,\N,\N,3,17,1:43.080,192.537,4
25784,1093,822,51,77,7,\N,R,19,0.0,16,\N,\N,4,18,1:43.391,191.958,20
25785,1093,832,6,55,1,\N,R,20,0.0,1,\N,\N,\N,0,\N,\N,130
25786,1094,830,9,1,1,1,1,1,25.0,71,1:38:36.729,5916729,36,4,1:22.046,188.850,1
25787,1094,1,131,44,3,2,2,2,18.0,71,+15.186,5931915,32,5,1:22.062,188.813,1
25788,1094,815,9,11,4,3,3,3,15.0,71,+18.097,5934826,30,2,1:21.775,189.476,1
25789,1094,847,131,63,2,4,4,4,13.0,71,+49.431,5966160,71,1,1:20.153,193.310,1
25790,1094,832,6,55,5,5,5,5,10.0,71,+58.123,5974852,32,6,1:22.199,188.498,1
25791,1094,844,6,16,7,6,6,6,8.0,71,+1:08.774,5985503,48,10,1:22.603,187.576,1
25792,1094,817,1,3,11,7,7,7,6.0,70,\N,\N,48,3,1:22.022,188.905,11
25793,1094,839,214,31,10,8,8,8,4.0,70,\N,\N,48,14,1:23.279,186.054,11
25794,1094,846,1,4,8,9,9,9,2.0,70,\N,\N,48,17,1:23.402,185.779,11
25795,1094,822,51,77,6,10,10,10,1.0,70,\N,\N,43,16,1:23.363,185.866,11
25796,1094,842,213,10,14,11,11,11,0.0,70,\N,\N,42,8,1:22.277,188.319,11
25797,1094,848,3,23,17,12,12,12,0.0,70,\N,\N,48,12,1:22.914,186.873,11
25798,1094,855,51,24,12,13,13,13,0.0,70,\N,\N,47,7,1:22.260,188.358,11
25799,1094,20,117,5,16,14,14,14,0.0,70,\N,\N,45,13,1:23.086,186.486,11
25800,1094,840,117,18,20,15,15,15,0.0,70,\N,\N,42,9,1:22.463,187.895,11
25801,1094,854,210,47,15,16,16,16,0.0,70,\N,\N,30,19,1:23.641,185.248,11
25802,1094,825,210,20,19,17,17,17,0.0,70,\N,\N,49,15,1:23.300,186.007,11
25803,1094,849,3,6,18,18,18,18,0.0,69,\N,\N,56,20,1:23.709,185.098,12
25804,1094,4,214,14,9,19,19,19,0.0,63,\N,\N,48,11,1:22.866,186.981,5
25805,1094,852,213,22,13,\N,R,20,0.0,50,\N,\N,48,18,1:23.403,185.777,130
25806,1095,847,131,63,1,1,1,1,26.0,71,1:38:34.044,5914044,61,1,1:13.785,210.237,1
25807,1095,1,131,44,2,2,2,2,18.0,71,+1.529,5915573,63,2,1:13.942,209.791,1
25808,1095,832,6,55,7,3,3,3,15.0,71,+4.051,5918095,65,3,1:13.953,209.760,1
25809,1095,844,6,16,5,4,4,4,12.0,71,+8.441,5922485,63,6,1:14.253,208.912,1
25810,1095,4,214,14,17,5,5,5,10.0,71,+9.561,5923605,62,4,1:14.164,209.163,1
25811,1095,830,9,1,3,6,6,6,8.0,71,+10.056,5924100,64,5,1:14.195,209.076,1
25812,1095,815,9,11,4,7,7,7,6.0,71,+14.080,5928124,62,7,1:14.283,208.828,1
25813,1095,839,214,31,16,8,8,8,4.0,71,+18.690,5932734,65,9,1:15.093,206.575,1
25814,1095,822,51,77,14,9,9,9,2.0,71,+22.552,5936596,62,14,1:15.511,205.432,1
25815,1095,840,117,18,15,10,10,10,1.0,71,+23.552,5937596,50,8,1:14.831,207.299,1
25816,1095,20,117,5,9,11,11,11,0.0,71,+26.183,5940227,64,15,1:15.549,205.328,1
25817,1095,855,51,24,13,12,12,12,0.0,71,+29.325,5943369,64,17,1:15.802,204.643,1
25818,1095,854,210,47,12,13,13,13,0.0,71,+29.899,5943943,63,10,1:15.251,206.142,1
25819,1095,842,213,10,10,14,14,14,0.0,71,+31.867,5945911,64,12,1:15.327,205.934,1
25820,1095,848,3,23,19,15,15,15,0.0,71,+36.016,5950060,49,16,1:15.613,205.155,1
25821,1095,849,3,6,18,16,16,16,0.0,71,+37.038,5951082,59,11,1:15.327,205.934,1
25822,1095,852,213,22,0,17,17,17,0.0,70,\N,\N,63,13,1:15.508,205.440,11
25823,1095,846,1,4,6,\N,R,18,0.0,50,\N,\N,48,18,1:15.855,204.500,6
25824,1095,825,210,20,8,\N,R,19,0.0,0,\N,\N,\N,0,\N,\N,4
25825,1095,817,1,3,11,\N,R,20,0.0,0,\N,\N,\N,0,\N,\N,4
25826,1096,830,9,1,1,1,1,1,25.0,58,1:27:45.914,5265914,54,6,1:29.392,212.676,1
25827,1096,844,6,16,3,2,2,2,18.0,58,+8.771,5274685,48,10,1:29.719,211.901,1
25828,1096,815,9,11,2,3,3,3,15.0,58,+10.093,5276007,52,4,1:28.972,213.680,1
25829,1096,832,6,55,4,4,4,4,12.0,58,+24.892,5290806,50,3,1:28.879,213.904,1
25830,1096,847,131,63,6,5,5,5,10.0,58,+35.888,5301802,48,2,1:28.836,214.007,1
25831,1096,846,1,4,7,6,6,6,9.0,58,+56.234,5322148,44,1,1:28.391,215.085,1
25832,1096,839,214,31,8,7,7,7,6.0,58,+57.240,5323154,45,5,1:29.333,212.817,1
25833,1096,840,117,18,14,8,8,8,4.0,58,+1:16.931,5342845,42,9,1:29.620,212.135,1
25834,1096,817,1,3,13,9,9,9,2.0,58,+1:23.268,5349182,45,18,1:30.785,209.413,1
25835,1096,20,117,5,9,10,10,10,1.0,58,+1:23.898,5349812,35,15,1:30.312,210.510,1
25836,1096,852,213,22,11,11,11,11,0.0,58,+1:29.371,5355285,40,7,1:29.489,212.446,1
25837,1096,855,51,24,15,12,12,12,0.0,57,\N,\N,53,8,1:29.600,212.183,11
25838,1096,848,3,23,19,13,13,13,0.0,57,\N,\N,40,13,1:29.939,211.383,11
25839,1096,842,213,10,17,14,14,14,0.0,57,\N,\N,16,19,1:31.081,208.732,11
25840,1096,822,51,77,18,15,15,15,0.0,57,\N,\N,47,16,1:30.352,210.417,11
25841,1096,854,210,47,12,16,16,16,0.0,57,\N,\N,39,12,1:29.833,211.632,11
25842,1096,825,210,20,16,17,17,17,0.0,57,\N,\N,40,20,1:31.158,208.556,11
25843,1096,1,131,44,5,18,18,18,0.0,55,\N,\N,42,11,1:29.788,211.738,9
25844,1096,849,3,6,20,19,19,19,0.0,55,\N,\N,45,14,1:30.309,210.517,130
25845,1096,4,214,14,10,\N,R,20,0.0,27,\N,\N,24,17,1:30.579,209.889,47
25846,1098,830,9,1,1,1,1,1,25.0,57,1:33:56.736,5636736,44,6,1:36.236,202.452,1
25847,1098,815,9,11,2,2,2,2,18.0,57,+11.987,5648723,37,7,1:36.344,202.225,1
25848,1098,4,117,14,5,3,3,3,15.0,57,+38.637,5675373,36,5,1:36.156,202.620,1
25849,1098,832,6,55,4,4,4,4,12.0,57,+48.052,5684788,37,14,1:37.130,200.588,1
25850,1098,1,131,44,7,5,5,5,10.0,57,+50.977,5687713,36,10,1:36.546,201.802,1
25851,1098,840,117,18,8,6,6,6,8.0,57,+54.502,5691238,32,9,1:36.546,201.802,1
25852,1098,847,131,63,6,7,7,7,6.0,57,+55.873,5692609,33,17,1:37.221,200.401,1
25853,1098,822,51,77,12,8,8,8,4.0,57,+1:12.647,5709383,31,18,1:37.379,200.075,1
25854,1098,842,214,10,20,9,9,9,2.0,57,+1:13.753,5710489,42,2,1:35.068,204.939,1
25855,1098,848,3,23,15,10,10,10,1.0,57,+1:29.774,5726510,43,15,1:37.144,200.559,1
25856,1098,852,213,22,14,11,11,11,0.0,57,+1:30.870,5727606,42,12,1:36.637,201.612,1
25857,1098,858,3,2,16,12,12,12,0.0,56,\N,\N,42,4,1:36.037,202.871,11
25858,1098,825,210,20,17,13,13,13,0.0,56,\N,\N,42,8,1:36.471,201.959,11
25859,1098,856,213,21,19,14,14,14,0.0,56,\N,\N,30,19,1:37.709,199.400,11
25860,1098,807,210,27,10,15,15,15,0.0,56,\N,\N,42,11,1:36.616,201.656,11
25861,1098,855,51,24,13,16,16,16,0.0,56,\N,\N,56,1,1:33.996,207.276,11
25862,1098,846,1,4,11,17,17,17,0.0,55,\N,\N,51,3,1:35.822,203.327,12
25863,1098,839,214,31,9,\N,R,18,0.0,41,\N,\N,34,13,1:36.797,201.278,26
25864,1098,844,6,16,3,\N,R,19,0.0,39,\N,\N,37,16,1:37.170,200.506,5
25865,1098,857,1,81,18,\N,R,20,0.0,13,\N,\N,3,20,1:40.691,193.494,10
25866,1099,815,9,11,1,1,1,1,25.0,50,1:21:14.894,4874894,38,2,1:32.188,241.098,1
25867,1099,830,9,1,15,2,2,2,19.0,50,+5.355,4880249,50,1,1:31.906,241.838,1
25868,1099,4,117,14,2,3,3,3,15.0,50,+20.728,4895622,50,3,1:32.240,240.962,1
25869,1099,847,131,63,3,4,4,4,12.0,50,+25.866,4900760,50,4,1:32.433,240.459,1
25870,1099,1,131,44,7,5,5,5,10.0,50,+31.065,4905959,47,6,1:32.941,239.145,1
25871,1099,832,6,55,4,6,6,6,8.0,50,+35.876,4910770,50,5,1:32.822,239.451,1
25872,1099,844,6,16,12,7,7,7,6.0,50,+43.162,4918056,47,7,1:33.056,238.849,1
25873,1099,839,214,31,6,8,8,8,4.0,50,+52.832,4927726,49,8,1:33.222,238.424,1
25874,1099,842,214,10,9,9,9,9,2.0,50,+54.747,4929641,50,10,1:33.392,237.990,1
25875,1099,825,210,20,13,10,10,10,1.0,50,+1:04.826,4939720,44,9,1:33.374,238.036,1
25876,1099,852,213,22,16,11,11,11,0.0,50,+1:07.494,4942388,50,14,1:33.931,236.624,1
25877,1099,807,210,27,10,12,12,12,0.0,50,+1:10.588,4945482,50,12,1:33.780,237.005,1
25878,1099,855,51,24,11,13,13,13,0.0,50,+1:16.060,4950954,49,13,1:33.894,236.718,1
25879,1099,856,213,21,18,14,14,14,0.0,50,+1:17.478,4952372,49,11,1:33.609,237.438,1
25880,1099,857,1,81,8,15,15,15,0.0,50,+1:25.021,4959915,48,16,1:34.287,235.731,1
25881,1099,858,3,2,20,16,16,16,0.0,50,+1:26.293,4961187,49,18,1:34.469,235.277,1
25882,1099,846,1,4,19,17,17,17,0.0,50,+1:26.445,4961339,49,15,1:34.122,236.144,1
25883,1099,822,51,77,14,18,18,18,0.0,49,\N,\N,37,17,1:34.384,235.489,11
25884,1099,848,3,23,17,\N,R,19,0.0,27,\N,\N,24,20,1:35.567,232.574,23
25885,1099,840,117,18,5,\N,R,20,0.0,16,\N,\N,7,19,1:35.140,233.617,5
25886,1100,830,9,1,1,1,1,1,25.0,58,2:32:38.371,9158371,49,2,1:20.342,236.498,1
25887,1100,1,131,44,3,2,2,2,18.0,58,+0.179,9158550,49,5,1:20.613,235.703,1
25888,1100,4,117,14,4,3,3,3,15.0,58,+0.769,9159140,53,4,1:20.476,236.105,1
25889,1100,840,117,18,6,4,4,4,12.0,58,+3.082,9161453,50,6,1:20.934,234.769,1
25890,1100,815,9,11,0,5,5,5,11.0,58,+3.320,9161691,53,1,1:20.235,236.814,1
25891,1100,846,1,4,13,6,6,6,8.0,58,+3.701,9162072,46,9,1:21.173,234.077,1
25892,1100,807,210,27,10,7,7,7,6.0,58,+4.939,9163310,46,8,1:21.124,234.219,1
25893,1100,857,1,81,16,8,8,8,4.0,58,+5.382,9163753,53,12,1:21.335,233.611,1
25894,1100,855,51,24,17,9,9,9,2.0,58,+5.713,9164084,48,16,1:21.819,232.229,1
25895,1100,852,213,22,12,10,10,10,1.0,58,+6.052,9164423,52,15,1:21.789,232.314,1
25896,1100,822,51,77,0,11,11,11,0.0,58,+6.513,9164884,46,17,1:22.233,231.060,1
25897,1100,832,6,55,5,12,12,12,0.0,58,+6.594,9164965,53,3,1:20.467,236.131,1
25898,1100,842,214,10,9,13,13,13,0.0,56,\N,\N,47,7,1:20.995,234.592,4
25899,1100,839,214,31,11,14,14,14,0.0,56,\N,\N,44,11,1:21.203,233.991,4
25900,1100,856,213,21,15,15,15,15,0.0,56,\N,\N,50,10,1:21.183,234.049,4
25901,1100,858,3,2,18,16,16,16,0.0,56,\N,\N,50,13,1:21.456,233.264,4
25902,1100,825,210,20,14,17,17,17,0.0,52,\N,\N,52,14,1:21.685,232.610,3
25903,1100,847,131,63,2,\N,R,18,0.0,17,\N,\N,16,18,1:22.680,229.811,5
25904,1100,848,3,23,8,\N,R,19,0.0,6,\N,\N,6,19,1:23.349,227.966,3
25905,1100,844,6,16,7,\N,R,20,0.0,0,\N,\N,\N,0,\N,\N,4
25906,1101,815,9,11,3,1,1,1,25.0,51,1:32:42.436,5562436,50,5,1:44.589,206.625,1
25907,1101,830,9,1,2,2,2,2,18.0,51,+2.137,5564573,51,2,1:44.232,207.333,1
25908,1101,844,6,16,1,3,3,3,15.0,51,+21.217,5583653,49,4,1:44.561,206.681,1
25909,1101,4,117,14,6,4,4,4,12.0,51,+22.024,5584460,49,3,1:44.241,207.315,1
25910,1101,832,6,55,4,5,5,5,10.0,51,+45.491,5607927,48,6,1:45.175,205.474,1
25911,1101,1,131,44,5,6,6,6,8.0,51,+46.145,5608581,48,7,1:45.346,205.141,1
25912,1101,840,117,18,9,7,7,7,6.0,51,+51.617,5614053,45,9,1:45.627,204.595,1
25913,1101,847,131,63,11,8,8,8,5.0,51,+1:14.240,5636676,51,1,1:43.370,209.062,1
25914,1101,846,1,4,7,9,9,9,2.0,51,+1:20.376,5642812,49,12,1:45.738,204.380,1
25915,1101,852,213,22,8,10,10,10,1.0,51,+1:23.862,5646298,51,11,1:45.727,204.401,1
25916,1101,857,1,81,10,11,11,11,0.0,51,+1:26.501,5648937,51,10,1:45.631,204.587,1
25917,1101,848,3,23,12,12,12,12,0.0,51,+1:28.623,5651059,51,15,1:45.925,204.019,1
25918,1101,825,210,20,16,13,13,13,0.0,51,+1:29.729,5652165,51,13,1:45.850,204.164,1
25919,1101,842,214,10,17,14,14,14,0.0,51,+1:31.332,5653768,47,8,1:45.540,204.764,1
25920,1101,839,214,31,0,15,15,15,0.0,51,+1:37.794,5660230,49,14,1:45.908,204.052,1
25921,1101,858,3,2,14,16,16,16,0.0,51,+1:40.943,5663379,49,17,1:46.501,202.916,1
25922,1101,807,210,27,0,17,17,17,0.0,50,\N,\N,34,18,1:46.731,202.479,11
25923,1101,822,51,77,13,18,18,18,0.0,50,\N,\N,36,16,1:46.304,203.292,11
25924,1101,855,51,24,15,\N,R,19,0.0,36,\N,\N,31,19,1:47.553,200.931,25
25925,1101,856,213,21,18,\N,R,20,0.0,9,\N,\N,4,20,1:48.781,198.663,3
25926,1102,830,9,1,9,1,1,1,26.0,57,1:27:38.241,5258241,56,1,1:29.708,217.184,1
25927,1102,815,9,11,1,2,2,2,18.0,57,+5.384,5263625,57,3,1:30.560,215.141,1
25928,1102,4,117,14,2,3,3,3,15.0,57,+26.305,5284546,57,2,1:30.519,215.238,1
25929,1102,847,131,63,6,4,4,4,12.0,57,+33.229,5291470,57,7,1:31.015,214.065,1
25930,1102,832,6,55,3,5,5,5,10.0,57,+42.511,5300752,55,10,1:31.362,213.252,1
25931,1102,1,131,44,13,6,6,6,8.0,57,+51.249,5309490,57,4,1:30.669,214.882,1
25932,1102,844,6,16,7,7,7,7,6.0,57,+52.988,5311229,57,11,1:31.434,213.084,1
25933,1102,842,214,10,5,8,8,8,4.0,57,+55.670,5313911,55,17,1:31.971,211.840,1
25934,1102,839,214,31,8,9,9,9,2.0,57,+58.123,5316364,56,9,1:31.143,213.765,1
25935,1102,825,210,20,4,10,10,10,1.0,57,+1:02.945,5321186,53,13,1:31.691,212.487,1
25936,1102,852,213,22,17,11,11,11,0.0,57,+1:04.309,5322550,56,8,1:31.038,214.011,1
25937,1102,840,117,18,18,12,12,12,0.0,57,+1:04.754,5322995,44,5,1:30.862,214.426,1
25938,1102,822,51,77,10,13,13,13,0.0,57,+1:11.637,5329878,56,15,1:31.838,212.147,1
25939,1102,848,3,23,11,14,14,14,0.0,57,+1:12.861,5331102,55,16,1:31.852,212.115,1
25940,1102,807,210,27,12,15,15,15,0.0,57,+1:14.950,5333191,36,6,1:30.901,214.334,1
25941,1102,855,51,24,14,16,16,16,0.0,57,+1:18.440,5336681,56,14,1:31.736,212.383,1
25942,1102,846,1,4,16,17,17,17,0.0,57,+1:27.717,5345958,47,20,1:32.401,210.854,1
25943,1102,856,213,21,15,18,18,18,0.0,57,+1:28.949,5347190,57,12,1:31.562,212.786,1
25944,1102,857,1,81,19,19,19,19,0.0,56,\N,\N,56,18,1:32.006,211.760,11
25945,1102,858,3,2,20,20,20,20,0.0,56,\N,\N,50,19,1:32.384,210.893,11
25946,1104,830,9,1,1,1,1,1,25.0,78,1:48:51.980,6531980,23,7,1:16.604,156.822,1
25947,1104,4,117,14,2,2,2,2,18.0,78,+27.921,6559901,43,9,1:16.674,156.678,1
25948,1104,839,214,31,3,3,3,3,15.0,78,+36.990,6568970,41,6,1:16.528,156.977,1
25949,1104,1,131,44,5,4,4,4,13.0,78,+39.062,6571042,33,1,1:15.650,158.799,1
25950,1104,847,131,63,8,5,5,5,10.0,78,+56.284,6588264,48,10,1:16.798,156.425,1
25951,1104,844,6,16,6,6,6,6,8.0,78,+1:01.890,6593870,46,2,1:15.773,158.541,1
25952,1104,842,214,10,7,7,7,7,6.0,78,+1:02.362,6594342,49,3,1:15.831,158.420,1
25953,1104,832,6,55,4,8,8,8,4.0,78,+1:03.391,6595371,43,5,1:16.449,157.140,1
25954,1104,846,1,4,10,9,9,9,2.0,77,\N,\N,46,19,1:17.844,154.324,11
25955,1104,857,1,81,11,10,10,10,1.0,77,\N,\N,47,14,1:17.513,154.983,11
25956,1104,822,51,77,15,11,11,11,0.0,77,\N,\N,19,18,1:17.824,154.363,11
25957,1104,856,213,21,12,12,12,12,0.0,77,\N,\N,43,15,1:17.561,154.887,11
25958,1104,855,51,24,19,13,13,13,0.0,77,\N,\N,5,11,1:16.926,156.165,11
25959,1104,848,3,23,13,14,14,14,0.0,77,\N,\N,24,8,1:16.672,156.683,11
25960,1104,852,213,22,9,15,15,15,0.0,76,\N,\N,36,16,1:17.680,154.649,12
25961,1104,815,9,11,20,16,16,16,0.0,76,\N,\N,5,4,1:16.269,157.510,12
25962,1104,807,210,27,18,17,17,17,0.0,76,\N,\N,6,12,1:16.991,156.033,12
25963,1104,858,3,2,16,18,18,18,0.0,76,\N,\N,32,13,1:17.302,155.406,12
25964,1104,825,210,20,17,\N,R,19,0.0,70,\N,\N,41,20,1:18.351,153.325,130
25965,1104,840,117,18,14,\N,R,20,0.0,53,\N,\N,18,17,1:17.769,154.472,3
25966,1105,830,9,1,1,1,1,1,26.0,66,1:27:57.940,5277940,61,1,1:16.330,219.641,1
25967,1105,1,131,44,4,2,2,2,18.0,66,+24.090,5302030,62,3,1:16.676,218.649,1
25968,1105,847,131,63,12,3,3,3,15.0,66,+32.389,5310329,48,5,1:17.875,215.283,1
25969,1105,815,9,11,11,4,4,4,12.0,66,+35.812,5313752,52,2,1:16.666,218.678,1
25970,1105,832,6,55,2,5,5,5,10.0,66,+45.698,5323638,60,11,1:18.403,213.833,1
25971,1105,840,117,18,5,6,6,6,8.0,66,+1:03.320,5341260,56,14,1:18.722,212.967,1
25972,1105,4,117,14,8,7,7,7,6.0,66,+1:04.127,5342067,49,7,1:18.083,214.709,1
25973,1105,839,214,31,6,8,8,8,4.0,66,+1:09.242,5347182,54,18,1:18.946,212.362,1
25974,1105,855,51,24,13,9,9,9,2.0,66,+1:11.878,5349818,38,15,1:18.753,212.883,1
25975,1105,842,214,10,10,10,10,10,1.0,66,+1:13.530,5351470,41,10,1:18.375,213.910,1
25976,1105,844,6,16,19,11,11,11,0.0,66,+1:14.419,5352359,52,9,1:18.357,213.959,1
25977,1105,852,213,22,15,12,12,12,0.0,66,+1:15.416,5353356,59,17,1:18.904,212.475,1
25978,1105,857,1,81,9,13,13,13,0.0,65,\N,\N,41,13,1:18.679,213.083,11
25979,1105,856,213,21,14,14,14,14,0.0,65,\N,\N,41,12,1:18.594,213.313,11
25980,1105,807,210,27,7,15,15,15,0.0,65,\N,\N,53,16,1:18.776,212.821,11
25981,1105,848,3,23,18,16,16,16,0.0,65,\N,\N,59,19,1:19.133,211.861,11
25982,1105,846,1,4,3,17,17,17,0.0,65,\N,\N,55,4,1:17.182,217.216,11
25983,1105,825,210,20,17,18,18,18,0.0,65,\N,\N,44,6,1:18.069,214.748,11
25984,1105,822,51,77,16,19,19,19,0.0,65,\N,\N,50,8,1:18.242,214.273,11
25985,1105,858,3,2,20,20,20,20,0.0,65,\N,\N,41,20,1:19.247,211.556,11
25986,1106,830,9,1,1,1,1,1,25.0,70,1:33:58.348,5638348,68,3,1:15.594,207.683,1
25987,1106,4,117,14,2,2,2,2,18.0,70,+9.570,5647918,62,4,1:15.779,207.176,1
25988,1106,1,131,44,3,3,3,3,15.0,70,+4.598,5642946,47,2,1:15.396,208.228,1
25989,1106,844,6,16,10,4,4,4,12.0,70,+18.648,5656996,47,5,1:15.907,206.826,1
25990,1106,832,6,55,11,5,5,5,10.0,70,+21.540,5659888,47,6,1:15.911,206.815,1
25991,1106,815,9,11,12,6,6,6,9.0,70,+51.028,5689376,70,1,1:14.481,210.786,1
25992,1106,848,3,23,9,7,7,7,6.0,70,+1:00.813,5699161,68,16,1:16.917,204.110,1
25993,1106,839,214,31,6,8,8,8,4.0,70,+1:01.692,5700040,63,15,1:16.782,204.469,1
25994,1106,840,117,18,16,9,9,9,2.0,70,+1:04.402,5702750,58,10,1:16.564,205.051,1
25995,1106,822,51,77,14,10,10,10,1.0,70,+1:04.432,5702780,52,12,1:16.625,204.888,1
25996,1106,857,1,81,8,11,11,11,0.0,70,+1:05.101,5703449,59,11,1:16.598,204.960,1
25997,1106,842,214,10,15,12,12,12,0.0,70,+1:05.249,5703597,67,9,1:16.425,205.424,1
25998,1106,846,1,4,7,13,13,13,0.0,70,+1:08.363,5706711,65,8,1:16.374,205.562,1
25999,1106,852,213,22,19,14,14,14,0.0,70,+1:13.423,5711771,68,14,1:16.666,204.779,1
26000,1106,807,210,27,5,15,15,15,0.0,69,\N,\N,37,19,1:17.232,203.278,11
26001,1106,855,51,24,20,16,16,16,0.0,69,\N,\N,58,17,1:17.090,203.652,11
26002,1106,825,210,20,13,17,17,17,0.0,69,\N,\N,55,7,1:16.126,206.231,11
26003,1106,856,213,21,17,18,18,18,0.0,69,\N,\N,52,13,1:16.656,204.805,11
26004,1106,847,131,63,4,\N,R,19,0.0,53,\N,\N,44,18,1:17.097,203.634,23
26005,1106,858,3,2,18,\N,R,20,0.0,6,\N,\N,4,20,1:18.437,200.155,5
26006,1107,830,9,1,1,1,1,1,26.0,71,1:25:33.607,5133607,71,1,1:07.012,231.970,1
26007,1107,844,6,16,2,2,2,2,18.0,71,+5.155,5138762,51,5,1:08.820,225.876,1
26008,1107,815,9,11,15,3,3,3,15.0,71,+17.188,5150795,52,2,1:08.111,228.227,1
26009,1107,846,1,4,4,4,4,4,12.0,71,+26.327,5159934,50,6,1:08.880,225.679,1
26010,1107,4,117,14,7,5,5,5,10.0,71,+30.317,5163924,48,4,1:08.739,226.142,1
26011,1107,832,6,55,3,6,6,6,8.0,71,+31.377,5164984,54,8,1:09.108,224.934,1
26012,1107,847,131,63,11,7,7,7,6.0,71,+48.403,5182010,48,9,1:09.160,224.765,1
26013,1107,1,131,44,5,8,8,8,4.0,71,+49.196,5182803,49,10,1:09.283,224.366,1
26014,1107,840,117,18,6,9,9,9,2.0,71,+59.043,5192650,48,7,1:09.046,225.136,1
26015,1107,842,214,10,9,10,10,10,1.0,71,+1:07.667,5201274,57,3,1:08.463,227.054,1
26016,1107,848,3,23,10,11,11,11,0.0,71,+1:19.767,5213374,53,11,1:09.560,223.473,1
26017,1107,855,51,24,17,12,12,12,0.0,70,\N,\N,50,15,1:09.797,222.714,11
26018,1107,858,3,2,18,13,13,13,0.0,70,\N,\N,45,12,1:09.611,223.309,11
26019,1107,839,214,31,12,14,14,14,0.0,70,\N,\N,46,14,1:09.786,222.749,11
26020,1107,822,51,77,14,15,15,15,0.0,70,\N,\N,46,16,1:09.852,222.539,11
26021,1107,857,1,81,13,16,16,16,0.0,70,\N,\N,49,18,1:09.940,222.259,11
26022,1107,856,213,21,0,17,17,17,0.0,70,\N,\N,46,17,1:09.862,222.507,11
26023,1107,825,210,20,0,18,18,18,0.0,70,\N,\N,45,13,1:09.620,223.280,11
26024,1107,852,213,22,16,19,19,19,0.0,70,\N,\N,37,19,1:10.176,221.511,11
26025,1107,807,210,27,8,\N,R,20,0.0,12,\N,\N,7,20,1:11.066,218.737,75
26026,1108,830,9,1,1,1,1,1,26.0,52,1:25:16.938,5116938,42,1,1:30.275,234.922,1
26027,1108,846,1,4,2,2,2,2,18.0,52,+3.798,5120736,43,2,1:30.543,234.226,1
26028,1108,1,131,44,7,3,3,3,15.0,52,+6.783,5123721,43,3,1:30.545,234.221,1
26029,1108,857,1,81,3,4,4,4,12.0,52,+7.776,5124714,41,4,1:30.850,233.435,1
26030,1108,847,131,63,6,5,5,5,10.0,52,+11.206,5128144,41,6,1:31.124,232.733,1
26031,1108,815,9,11,15,6,6,6,8.0,52,+12.882,5129820,51,5,1:30.914,233.271,1
26032,1108,4,117,14,9,7,7,7,6.0,52,+17.193,5134131,48,9,1:31.338,232.188,1
26033,1108,848,3,23,8,8,8,8,4.0,52,+17.878,5134816,41,8,1:31.273,232.353,1
26034,1108,844,6,16,4,9,9,9,2.0,52,+18.689,5135627,48,7,1:31.255,232.399,1
26035,1108,832,6,55,5,10,10,10,1.0,52,+19.448,5136386,51,10,1:31.366,232.116,1
26036,1108,858,3,2,14,11,11,11,0.0,52,+23.632,5140570,42,13,1:31.699,231.274,1
26037,1108,822,51,77,20,12,12,12,0.0,52,+25.830,5142768,52,16,1:31.852,230.888,1
26038,1108,807,210,27,11,13,13,13,0.0,52,+26.663,5143601,52,15,1:31.776,231.080,1
26039,1108,840,117,18,12,14,14,14,0.0,52,+27.483,5144421,42,11,1:31.508,231.756,1
26040,1108,855,51,24,17,15,15,15,0.0,52,+29.820,5146758,48,14,1:31.769,231.097,1
26041,1108,852,213,22,16,16,16,16,0.0,52,+31.225,5148163,48,17,1:32.084,230.307,1
26042,1108,856,213,21,18,17,17,17,0.0,52,+33.128,5150066,48,18,1:32.353,229.636,1
26043,1108,842,214,10,10,18,18,18,0.0,46,\N,\N,42,12,1:31.539,231.678,130
26044,1108,825,210,20,19,\N,R,19,0.0,31,\N,\N,29,19,1:33.356,227.169,5
26045,1108,839,214,31,13,\N,R,20,0.0,9,\N,\N,4,20,1:33.941,225.754,44
26046,1109,830,9,1,2,1,1,1,26.0,70,1:38:08.634,5888634,53,1,1:20.504,195.910,1
26047,1109,846,1,4,3,2,2,2,18.0,70,+33.731,5922365,50,4,1:22.178,191.919,1
26048,1109,815,9,11,9,3,3,3,15.0,70,+37.603,5926237,53,5,1:22.295,191.647,1
26049,1109,1,131,44,1,4,4,4,12.0,70,+39.134,5927768,54,2,1:21.601,193.277,1
26050,1109,857,1,81,4,5,5,5,10.0,70,+1:02.572,5951206,45,8,1:22.736,190.625,1
26051,1109,847,131,63,18,6,6,6,8.0,70,+1:05.825,5954459,48,3,1:22.158,191.966,1
26052,1109,844,6,16,6,7,7,7,6.0,70,+1:10.317,5958951,50,6,1:22.469,191.242,1
26053,1109,832,6,55,11,8,8,8,4.0,70,+1:11.073,5959707,54,7,1:22.584,190.976,1
26054,1109,4,117,14,8,9,9,9,2.0,70,+1:15.709,5964343,51,9,1:22.745,190.604,1
26055,1109,840,117,18,14,10,10,10,1.0,69,\N,\N,54,11,1:23.425,189.051,11
26056,1109,848,3,23,16,11,11,11,0.0,69,\N,\N,54,18,1:24.051,187.643,11
26057,1109,822,51,77,7,12,12,12,0.0,69,\N,\N,42,14,1:23.651,188.540,11
26058,1109,817,213,3,13,13,13,13,0.0,69,\N,\N,67,17,1:23.934,187.904,11
26059,1109,807,210,27,10,14,14,14,0.0,69,\N,\N,42,13,1:23.573,188.716,11
26060,1109,852,213,22,17,15,15,15,0.0,69,\N,\N,68,10,1:23.269,189.405,11
26061,1109,855,51,24,5,16,16,16,0.0,69,\N,\N,12,15,1:23.743,188.333,11
26062,1109,825,210,20,19,17,17,17,0.0,69,\N,\N,54,16,1:23.864,188.061,11
26063,1109,858,3,2,20,\N,R,18,0.0,67,\N,\N,36,12,1:23.496,188.890,31
26064,1109,839,214,31,12,\N,R,19,0.0,2,\N,\N,\N,0,\N,\N,130
26065,1109,842,214,10,15,\N,R,20,0.0,1,\N,\N,\N,0,\N,\N,130
26066,1110,830,9,1,6,1,1,1,25.0,44,1:22:30.450,4950450,32,2,1:48.922,231.490,1
26067,1110,815,9,11,2,2,2,2,18.0,44,+22.305,4972755,31,6,1:50.308,228.581,1
26068,1110,844,6,16,1,3,3,3,15.0,44,+32.259,4982709,30,7,1:50.436,228.316,1
26069,1110,1,131,44,3,4,4,4,13.0,44,+49.671,5000121,44,1,1:47.305,234.978,1
26070,1110,4,117,14,9,5,5,5,10.0,44,+56.184,5006634,42,13,1:50.938,227.283,1
26071,1110,847,131,63,8,6,6,6,8.0,44,+1:03.101,5013551,25,11,1:50.603,227.972,1
26072,1110,846,1,4,7,7,7,7,6.0,44,+1:13.719,5024169,26,18,1:51.682,225.769,1
26073,1110,839,214,31,14,8,8,8,4.0,44,+1:14.719,5025169,27,8,1:50.439,228.310,1
26074,1110,840,117,18,10,9,9,9,2.0,44,+1:19.340,5029790,26,16,1:51.297,226.550,1
26075,1110,852,213,22,11,10,10,10,1.0,44,+1:20.221,5030671,26,17,1:51.394,226.353,1
26076,1110,842,214,10,12,11,11,11,0.0,44,+1:23.084,5033534,25,12,1:50.911,227.339,1
26077,1110,822,51,77,13,12,12,12,0.0,44,+1:25.191,5035641,26,10,1:50.515,228.153,1
26078,1110,855,51,24,17,13,13,13,0.0,44,+1:35.441,5045891,27,5,1:50.188,228.830,1
26079,1110,848,3,23,15,14,14,14,0.0,44,+1:36.184,5046634,35,3,1:49.841,229.553,1
26080,1110,825,210,20,16,15,15,15,0.0,44,+1:41.754,5052204,27,14,1:50.993,227.171,1
26081,1110,817,213,3,19,16,16,16,0.0,44,+1:43.071,5053521,25,15,1:50.994,227.169,1
26082,1110,858,3,2,18,17,17,17,0.0,44,+1:44.476,5054926,37,9,1:50.486,228.213,1
26083,1110,807,210,27,0,18,18,18,0.0,44,+1:50.450,5060900,26,4,1:49.907,229.415,1
26084,1110,832,6,55,4,\N,R,19,0.0,23,\N,\N,9,19,1:53.138,222.864,130
26085,1110,857,1,81,5,\N,R,20,0.0,0,\N,\N,\N,0,\N,\N,130
